SecurityID,SecurityName,Currency,NetAssets,ExpenseRatio,Category,EquityPct,BondPct,CashPct,Sector_realestate,Sector_consumer_cyclical,Sector_basic_materials,Sector_consumer_defensive,Sector_technology,Sector_communication_services,Sector_financial_services,Sector_utilities,Sector_industrials,Sector_energy,Sector_healthcare,Source,Created_at
10,iShares Swiss Dividends,CHF,,,,,,,0.0,0.0,0.1722,0.1509,0.0022,0.0,0.3504,0.0039,0.0165,0.0,0.3039,Yahoo Finance (Fund Data),02.08.2026 07:19:18
11,iShares Core MSCI EM IMI UCITS ETF (EIMI),USD,,,,,,,0.0149,0.0771,0.0579,0.0278,0.4352,0.0561,0.1724,0.0188,0.0771,0.030299999,0.0325,Yahoo Finance (Fund Data),02.08.2026 07:19:18
12,UBS ETF (CH) SMIM,CHF,,,,,,,0.060300004,0.0505,0.0217,0.0847,0.0117,0.0094,0.122700006,0.0,0.2757,0.0,0.3632,Yahoo Finance (Fund Data),02.08.2026 07:19:18
13,Vanguard S&P 500 UCITS ETF,USD,,,,,,,0.0183,0.0951,0.0166,0.045300003,0.38619998,0.0992,0.113900006,0.022,0.0846,0.0298,0.088999994,Yahoo Finance (Fund Data),02.08.2026 07:19:18
14,Xtrackers S&P 500 Equal Weight UCITS ETF (XDEW),USD,,,,,,,0.0592,0.1091,0.039100002,0.0634,0.173,0.0396,0.1388,0.0627,0.157,0.038399998,0.119799994,Yahoo Finance (Fund Data),02.08.2026 07:19:18
15,VanEck S&P Global Mining UCITS ETF (GDIG),USD,,,,,,,0.0,0.0,0.9428,0.0,0.0081,0.0,0.0,0.0,0.011,0.0381,0.0,Yahoo Finance (Fund Data),02.08.2026 07:19:18
17,iShares Core MSCI Japan IMI UCITS ETF,USD,,,,,,,0.03,0.1201,0.0431,0.0398,0.22729999,0.0696,0.16139999,0.0113,0.2368,0.0078,0.052699998,Yahoo Finance (Fund Data),02.08.2026 07:19:18
18,iShares MSCI EMU Small Cap ETF (CSEMUS),EUR,,,,,,,0.0806,0.1333,0.098500006,0.025799999,0.098400004,0.0353,0.094,0.0361,0.2917,0.0551,0.0512,Yahoo Finance (Fund Data),02.08.2026 07:19:18
31,iShares Core MSCI Europe UCITS ETF EUR Dist,EUR,,,,,,,0.0073,0.062800005,0.0525,0.0862,0.101,0.0347,0.2387,0.0476,0.1927,0.044,0.1325,Yahoo Finance (Fund Data),02.08.2026 07:19:18
32,iShares Core MSCI Pacific ex Japan,USD,,,,,,,0.0716,0.0692,0.1579,0.0318,0.0099,0.0257,0.45069999,0.0347,0.0865,0.024600001,0.0375,Yahoo Finance (Fund Data),02.08.2026 07:19:18
33,iShares Core FTSE 100,EUR,,,,,,,0.010199999,0.0508,0.0802,0.143,0.0092,0.0231,0.2595,0.0493,0.1381,0.099300005,0.1372,Yahoo Finance (Fund Data),02.08.2026 07:19:18
34,iShares Core MSCI EMU UCITS ETF,EUR,,,,,,,0.007900001,0.0775,0.0388,0.0542,0.173,0.0383,0.2469,0.0644,0.2065,0.0344,0.0582,Yahoo Finance (Fund Data),02.08.2026 07:19:18
36,SPDR S&P Euro Dividend Aristocrats ETF,CHF,,,,,,,0.0253,0.0228,0.0862,0.0422,0.0128,0.056900002,0.256,0.148,0.2195,0.064899996,0.0653,Yahoo Finance (Fund Data),02.08.2026 07:19:18
10,iShares Swiss Dividends,CHF,,,,,,,0.0,0.0,0.1722,0.1509,0.0022,0.0,0.3504,0.0039,0.0165,0.0,0.3039,Yahoo Finance (Fund Data),04.08.2026 08:27:40
11,iShares Core MSCI EM IMI UCITS ETF (EIMI),USD,,,,,,,0.0149,0.0771,0.0579,0.0278,0.4352,0.0561,0.1724,0.0188,0.0771,0.030299999,0.0325,Yahoo Finance (Fund Data),04.08.2026 08:27:40
12,UBS ETF (CH) SMIM,CHF,,,,,,,0.060300004,0.0505,0.0217,0.0847,0.0117,0.0094,0.122700006,0.0,0.2757,0.0,0.3632,Yahoo Finance (Fund Data),04.08.2026 08:27:40
13,Vanguard S&P 500 UCITS ETF,USD,,,,,,,0.0183,0.0951,0.0166,0.045300003,0.38619998,0.0992,0.113900006,0.022,0.0846,0.0298,0.088999994,Yahoo Finance (Fund Data),04.08.2026 08:27:40
14,Xtrackers S&P 500 Equal Weight UCITS ETF (XDEW),USD,,,,,,,0.0592,0.1091,0.039100002,0.0634,0.173,0.0396,0.1388,0.0627,0.157,0.038399998,0.119799994,Yahoo Finance (Fund Data),04.08.2026 08:27:40
15,VanEck S&P Global Mining UCITS ETF (GDIG),USD,,,,,,,0.0,0.0,0.9428,0.0,0.0081,0.0,0.0,0.0,0.011,0.0381,0.0,Yahoo Finance (Fund Data),04.08.2026 08:27:40
17,iShares Core MSCI Japan IMI UCITS ETF,USD,,,,,,,0.03,0.1201,0.0431,0.0398,0.22729999,0.0696,0.16139999,0.0113,0.2368,0.0078,0.052699998,Yahoo Finance (Fund Data),04.08.2026 08:27:40
18,iShares MSCI EMU Small Cap ETF (CSEMUS),EUR,,,,,,,0.0806,0.1333,0.098500006,0.025799999,0.098400004,0.0353,0.094,0.0361,0.2917,0.0551,0.0512,Yahoo Finance (Fund Data),04.08.2026 08:27:40
31,iShares Core MSCI Europe UCITS ETF EUR Dist,EUR,,,,,,,0.0073,0.062800005,0.0525,0.0862,0.101,0.0347,0.2387,0.0476,0.1927,0.044,0.1325,Yahoo Finance (Fund Data),04.08.2026 08:27:40
32,iShares Core MSCI Pacific ex Japan,USD,,,,,,,0.0716,0.0692,0.1579,0.0318,0.0099,0.0257,0.45069999,0.0347,0.0865,0.024600001,0.0375,Yahoo Finance (Fund Data),04.08.2026 08:27:40
33,iShares Core FTSE 100,EUR,,,,,,,0.010199999,0.0508,0.0802,0.143,0.0092,0.0231,0.2595,0.0493,0.1381,0.099300005,0.1372,Yahoo Finance (Fund Data),04.08.2026 08:27:40
34,iShares Core MSCI EMU UCITS ETF,EUR,,,,,,,0.007900001,0.0775,0.0388,0.0542,0.173,0.0383,0.2469,0.0644,0.2065,0.0344,0.0582,Yahoo Finance (Fund Data),04.08.2026 08:27:40
36,SPDR S&P Euro Dividend Aristocrats ETF,CHF,,,,,,,0.0253,0.0228,0.0862,0.0422,0.0128,0.056900002,0.256,0.148,0.2195,0.064899996,0.0653,Yahoo Finance (Fund Data),04.08.2026 08:27:40
10,iShares Swiss Dividends,CHF,,,,0.98050004,0.0,0.0135,0.0,0.0,0.1722,0.1509,0.0022,0.0,0.3504,0.0039,0.0165,0.0,0.3039,Yahoo Finance (Fund Data),05.08.2026 10:48:11
11,iShares Core MSCI EM IMI UCITS ETF (EIMI),USD,,,,0.9928,0.0,0.0069,0.0149,0.0771,0.0579,0.0278,0.4352,0.0561,0.1724,0.0188,0.0771,0.030299999,0.0325,Yahoo Finance (Fund Data),05.08.2026 10:48:11
12,UBS ETF (CH) SMIM,CHF,,,,1.0001,0.0,-0.0001,0.060300004,0.0505,0.0217,0.0847,0.0117,0.0094,0.122700006,0.0,0.2757,0.0,0.3632,Yahoo Finance (Fund Data),05.08.2026 10:48:11
13,Vanguard S&P 500 UCITS ETF,USD,,,,1.0,0.0,0.0,0.0183,0.0951,0.0166,0.045300003,0.38619998,0.0992,0.113900006,0.022,0.0846,0.0298,0.088999994,Yahoo Finance (Fund Data),05.08.2026 10:48:11
14,Xtrackers S&P 500 Equal Weight UCITS ETF (XDEW),USD,,,,0.9973,0.0,0.0026,0.0592,0.1091,0.039100002,0.0634,0.173,0.0396,0.1388,0.0627,0.157,0.038399998,0.119799994,Yahoo Finance (Fund Data),05.08.2026 10:48:11
15,VanEck S&P Global Mining UCITS ETF (GDIG),USD,,,,0.99120003,0.0,0.0088,0.0,0.0,0.9428,0.0,0.0081,0.0,0.0,0.0,0.011,0.0381,0.0,Yahoo Finance (Fund Data),05.08.2026 10:48:11
17,iShares Core MSCI Japan IMI UCITS ETF,USD,,,,0.9924,0.0,0.0076,0.03,0.1201,0.0431,0.0398,0.22729999,0.0696,0.16139999,0.0113,0.2368,0.0078,0.052699998,Yahoo Finance (Fund Data),05.08.2026 10:48:11
18,iShares MSCI EMU Small Cap ETF (CSEMUS),EUR,,,,0.98910004,0.0,0.0108,0.0806,0.1333,0.098500006,0.025799999,0.098400004,0.0353,0.094,0.0361,0.2917,0.0551,0.0512,Yahoo Finance (Fund Data),05.08.2026 10:48:11
31,iShares Core MSCI Europe UCITS ETF EUR Dist,EUR,,,,0.9915,0.0,0.0062,0.0073,0.062800005,0.0525,0.0862,0.101,0.0347,0.2387,0.0476,0.1927,0.044,0.1325,Yahoo Finance (Fund Data),05.08.2026 10:48:11
32,iShares Core MSCI Pacific ex Japan,USD,,,,0.9917,0.0,0.0083,0.0716,0.0692,0.1579,0.0318,0.0099,0.0257,0.45069999,0.0347,0.0865,0.024600001,0.0375,Yahoo Finance (Fund Data),05.08.2026 10:48:11
33,iShares Core FTSE 100,EUR,,,,0.97760004,0.0,0.0062,0.010199999,0.0508,0.0802,0.143,0.0092,0.0231,0.2595,0.0493,0.1381,0.099300005,0.1372,Yahoo Finance (Fund Data),05.08.2026 10:48:11
34,iShares Core MSCI EMU UCITS ETF,EUR,,,,0.9963,0.0,0.0036000002,0.007900001,0.0775,0.0388,0.0542,0.173,0.0383,0.2469,0.0644,0.2065,0.0344,0.0582,Yahoo Finance (Fund Data),05.08.2026 10:48:11
36,SPDR S&P Euro Dividend Aristocrats ETF,CHF,,,,1.0002999,0.0,-0.00029999999,0.0253,0.0228,0.0862,0.0422,0.0128,0.056900002,0.256,0.148,0.2195,0.064899996,0.0653,Yahoo Finance (Fund Data),05.08.2026 10:48:11
10,iShares Swiss Dividends,CHF,,,,0.98050004,0.0,0.0135,0.0,0.0,0.1722,0.1509,0.0022,0.0,0.3504,0.0039,0.0165,0.0,0.3039,Yahoo Finance (Fund Data),11.08.2026 07:07:14
11,iShares Core MSCI EM IMI UCITS ETF (EIMI),USD,,,,0.9928,0.0,0.0069,0.0149,0.0771,0.0579,0.0278,0.4352,0.0561,0.1724,0.0188,0.0771,0.030299999,0.0325,Yahoo Finance (Fund Data),11.08.2026 07:07:14
12,UBS ETF (CH) SMIM,CHF,,,,1.0001,0.0,-0.0001,0.060300004,0.0505,0.0217,0.0847,0.0117,0.0094,0.122700006,0.0,0.2757,0.0,0.3632,Yahoo Finance (Fund Data),11.08.2026 07:07:14
13,Vanguard S&P 500 UCITS ETF,USD,,,,1.0,0.0,0.0,0.0183,0.0951,0.0166,0.045300003,0.38619998,0.0992,0.113900006,0.022,0.0846,0.0298,0.088999994,Yahoo Finance (Fund Data),11.08.2026 07:07:14
14,Xtrackers S&P 500 Equal Weight UCITS ETF (XDEW),USD,,,,0.9973,0.0,0.0026,0.0592,0.1091,0.039100002,0.0634,0.173,0.0396,0.1388,0.0627,0.157,0.038399998,0.119799994,Yahoo Finance (Fund Data),11.08.2026 07:07:14
15,VanEck S&P Global Mining UCITS ETF (GDIG),USD,,,,0.99120003,0.0,0.0088,0.0,0.0,0.9428,0.0,0.0081,0.0,0.0,0.0,0.011,0.0381,0.0,Yahoo Finance (Fund Data),11.08.2026 07:07:14
17,iShares Core MSCI Japan IMI UCITS ETF,USD,,,,0.9924,0.0,0.0076,0.03,0.1201,0.0431,0.0398,0.22729999,0.0696,0.16139999,0.0113,0.2368,0.0078,0.052699998,Yahoo Finance (Fund Data),11.08.2026 07:07:14
18,iShares MSCI EMU Small Cap ETF (CSEMUS),EUR,,,,0.98910004,0.0,0.0108,0.0806,0.1333,0.098500006,0.025799999,0.098400004,0.0353,0.094,0.0361,0.2917,0.0551,0.0512,Yahoo Finance (Fund Data),11.08.2026 07:07:14
31,iShares Core MSCI Europe UCITS ETF EUR Dist,EUR,,,,0.9915,0.0,0.0062,0.0073,0.062800005,0.0525,0.0862,0.101,0.0347,0.2387,0.0476,0.1927,0.044,0.1325,Yahoo Finance (Fund Data),11.08.2026 07:07:14
32,iShares Core MSCI Pacific ex Japan,USD,,,,0.9917,0.0,0.0083,0.0716,0.0692,0.1579,0.0318,0.0099,0.0257,0.45069999,0.0347,0.0865,0.024600001,0.0375,Yahoo Finance (Fund Data),11.08.2026 07:07:14
33,iShares Core FTSE 100,EUR,,,,0.97760004,0.0,0.0062,0.010199999,0.0508,0.0802,0.143,0.0092,0.0231,0.2595,0.0493,0.1381,0.099300005,0.1372,Yahoo Finance (Fund Data),11.08.2026 07:07:14
34,iShares Core MSCI EMU UCITS ETF,EUR,,,,0.9963,0.0,0.0036000002,0.007900001,0.0775,0.0388,0.0542,0.173,0.0383,0.2469,0.0644,0.2065,0.0344,0.0582,Yahoo Finance (Fund Data),11.08.2026 07:07:14
36,SPDR S&P Euro Dividend Aristocrats ETF,CHF,,,,1.0002999,0.0,-0.00029999999,0.0253,0.0228,0.0862,0.0422,0.0128,0.056900002,0.256,0.148,0.2195,0.064899996,0.0653,Yahoo Finance (Fund Data),11.08.2026 07:07:14
10,iShares Swiss Dividends,CHF,,,,0.9813,0.0,0.0126,0.0,0.0,0.1701,0.1438,0.0022,0.0,0.35709998,0.0038,0.017,0.0,0.3061,Yahoo Finance (Fund Data),18.08.2026 06:34:34
11,iShares Core MSCI EM IMI UCITS ETF (EIMI),USD,,,,0.9933,0.0,0.0064,0.015800001,0.08939999,0.061100002,0.030299999,0.39,0.062,0.1878,0.02,0.0747,0.0342,0.0348,Yahoo Finance (Fund Data),18.08.2026 06:34:34
12,UBS ETF (CH) SMIM,CHF,,,,0.9999,0.0,0.0001,0.0616,0.048499998,0.026700001,0.0855,0.0121,0.010199999,0.1294,0.0,0.26950002,0.0,0.35650003,Yahoo Finance (Fund Data),18.08.2026 06:34:34
13,Vanguard S&P 500 UCITS ETF,USD,,,,1.0,0.0,0.0,0.0183,0.0951,0.0166,0.045300003,0.38619998,0.0992,0.113900006,0.022,0.0846,0.0298,0.088999994,Yahoo Finance (Fund Data),18.08.2026 06:34:34
14,Xtrackers S&P 500 Equal Weight UCITS ETF (XDEW),USD,,,,0.9973,0.0,0.0026,0.0592,0.1091,0.039100002,0.0634,0.173,0.0396,0.1388,0.0627,0.157,0.038399998,0.119799994,Yahoo Finance (Fund Data),18.08.2026 06:34:34
15,VanEck S&P Global Mining UCITS ETF (GDIG),USD,,,,0.9995,0.0,0.0005,0.0,0.0,0.9501,0.0,0.0072000003,0.0,0.0,0.0,0.009,0.033800002,0.0,Yahoo Finance (Fund Data),18.08.2026 06:34:34
17,iShares Core MSCI Japan IMI UCITS ETF,USD,,,,0.9962,0.0,0.0038,0.0308,0.1265,0.0414,0.0417,0.19299999,0.0728,0.1775,0.0117,0.24219999,0.0087,0.0538,Yahoo Finance (Fund Data),18.08.2026 06:34:34
18,iShares MSCI EMU Small Cap ETF (CSEMUS),EUR,,,,0.992,0.0,0.008,0.0792,0.13430001,0.1022,0.026600001,0.0911,0.0348,0.0992,0.035,0.2913,0.0552,0.0511,Yahoo Finance (Fund Data),18.08.2026 06:34:34
31,iShares Core MSCI Europe UCITS ETF EUR Dist,EUR,,,,0.9947,0.0,0.0027,0.0075,0.0626,0.0531,0.0865,0.087799996,0.0343,0.2499,0.0461,0.1926,0.050300002,0.1292,Yahoo Finance (Fund Data),18.08.2026 06:34:34
32,iShares Core MSCI Pacific ex Japan,USD,,,,0.9977,0.0,0.0023,0.070700005,0.0681,0.1503,0.030299999,0.0091,0.025,0.4636,0.0336,0.0857,0.026700001,0.037,Yahoo Finance (Fund Data),18.08.2026 06:34:34
33,iShares Core FTSE 100,EUR,,,,0.9774,0.0,0.0058,0.0107,0.0482,0.0785,0.1428,0.0092,0.0239,0.2673,0.0463,0.1383,0.111099996,0.123900004,Yahoo Finance (Fund Data),18.08.2026 06:34:34
34,iShares Core MSCI EMU UCITS ETF,EUR,,,,0.9958,0.0,0.0042,0.008,0.0789,0.0403,0.0555,0.1514,0.0373,0.262,0.0637,0.2065,0.039100002,0.0573,Yahoo Finance (Fund Data),18.08.2026 06:34:34
36,SPDR S&P Euro Dividend Aristocrats ETF,CHF,,,,1.0,0.0,0.0,0.024300002,0.0254,0.081999995,0.0401,0.014099999,0.0514,0.2559,0.1381,0.2365,0.0684,0.0637,Yahoo Finance (Fund Data),18.08.2026 06:34:34
